{
  "grid": [
    19,
    403,
    577
  ],
  "nactive": 2098095,
  "kx_md": [
    0.03010581,
    0.03094438,
    0.03738739,
    0.0864,
    0.08841251,
    0.50473767,
    0.65399524,
    0.864,
    1.43003186,
    4.32,
    4.42019826,
    8.64,
    9.03895333,
    13.57641162,
    53.3099827,
    92.47562808,
    190.80126581
  ],
  "sy": [
    0.03,
    0.05,
    0.1,
    0.12,
    0.15,
    0.18,
    0.2,
    0.22
  ],
  "ss_per_m": [
    5e-06,
    1e-05,
    5e-05,
    0.0001,
    0.0002,
    0.0005,
    0.001
  ],
  "rch_sp0_md": [
    1.5e-05,
    0.00024,
    0.0003,
    0.000375,
    0.000405
  ],
  "ic_min": 482.36,
  "ic_max": 510.85,
  "n_sp": 48,
  "t_last_d": 1096.0,
  "cal": {
    "mae": 0.237,
    "rmse": 0.299,
    "bias": 0.034,
    "r": 0.574,
    "npts": 3230,
    "nwells": 7
  }
}